0, 0, 0, 0, 0, 0, 0, 0, 0, 0, 0, 0, 0, 0, 0, 0, 0, 0, 0, 0, 0, 0, 0, 0, 0, 0, 0, 0, 0, 0, 0, 0, 0, 0, 0, 0, 0, 0, 0, 0, 0, 0, 0, 0, 0, 0, 0, 0, 0, 0, 0, 0, 0, 0, 0, 0, 0, 0, 0, 0, 0, 0, 0, 0, 0, 0, 0, 0, 0, 0, 0, 0, 
0, 0.0537072, 0.0707275, 0.0935393, 0.110974, 0.0641155, -0.119911, -0.439981, -0.499841, -0.496073, 0.0314422, 0.610815, 0.723701, 0.720245, -0.0903932, -0.673162, -0.496949, -0.145806, 1.04503, 1.06024, -0.123107, -0.399305, -0.472954, 1.0719, 1.0759, -0.385003, -0.511595, 0.394397, 1.3048, -0.683048, -0.500749, 1.14002, 0.00346695, -0.948319, 1.26156, -0.555301, -0.229958, 0.991601, -1.28295, 1.49992, -1.27412, 1.02558, -0.20915, -0.505501, 1.28026, -0.962819, 0.0240447, 1.08196, -0.567822, -0.747315, 1.16839, 0.259652, -0.664804, -0.592035, 0.915179, 0.916077, -0.663352, -0.556569, -0.234018, 0.969365, 0.85869, -0.158038, -0.532177, -0.760645, 0.0381489, 0.488118, 0.429626, 0.166827, 0.0408263, 0.0504186, 0.0507993, 0, 
0, 0.0488665, 0.0653686, 0.0830322, 0.0938346, 0.0538273, -0.0974956, -0.340128, -0.444462, -0.327408, 0.0710631, 0.436448, 0.560105, 0.478679, -0.0409819, -0.403005, -0.36306, 0.0416348, 0.721103, 0.683311, 0.0797571, -0.161902, -0.131144, 0.645653, 0.652875, -0.0887556, -0.163507, 0.287683, 0.635525, -0.176663, -0.169794, 0.553386, 0.037769, -0.256903, 0.467301, -0.102664, -0.0514897, 0.398616, -0.367132, 0.554338, -0.357104, 0.425566, -0.0269646, -0.0672044, 0.481489, -0.257986, 0.0316357, 0.510845, -0.235956, -0.251869, 0.515243, 0.156576, -0.317237, -0.263928, 0.488454, 0.49012, -0.300986, -0.308377, -0.0390675, 0.57586, 0.59518, -0.0129895, -0.407662, -0.452914, 0.0138423, 0.36449, 0.336629, 0.164118, 0.0627688, 0.0475709, 0.048027, 0, 
0, 0.0558419, 0.0695866, 0.0869893, 0.0947637, 0.0431418, -0.109118, -0.241345, -0.250511, -0.235198, 0.00760981, 0.296734, 0.414711, 0.324845, 0.0461991, -0.184229, -0.121518, 0.0737443, 0.373096, 0.443985, 0.161866, -0.0798358, 0.126007, 0.397786, 0.417193, 0.16794, -0.0180319, 0.297371, 0.320904, 0.0291061, 0.0226075, 0.203323, 0.105562, -0.117505, 0.214835, -0.0763564, 0.0396823, 0.0646804, -0.0479502, 0.10908, -0.0383521, 0.0802325, 0.0591569, -0.05672, 0.224667, -0.125226, 0.0919133, 0.157828, -0.037629, -0.0561606, 0.215277, 0.165621, -0.157086, 0.00680992, 0.268495, 0.245999, -0.0195586, -0.216656, 0.0486011, 0.341073, 0.27412, 0.011654, -0.177365, -0.211227, 0.0581908, 0.279033, 0.267939, 0.115634, 0.0494492, 0.0692856, 0.0531275, 0, 
0, 0.0483806, 0.0630691, 0.0753258, 0.0699699, 0.0488527, -0.0314156, -0.210775, -0.279238, -0.135684, 0.0943516, 0.236353, 0.245557, 0.230857, 0.0365146, -0.120337, -0.101712, 0.126057, 0.401967, 0.324989, 0.178663, 0.169458, 0.0386998, 0.303784, 0.271502, 0.0740256, 0.152687, 0.10864, 0.25205, 0.0839817, 0.0752038, 0.198748, 0.068595, 0.116979, 0.0868762, 0.129607, 0.0419553, 0.162231, 0.0302189, 0.17558, 0.03647, 0.178724, 0.0588348, 0.146425, 0.0898712, 0.115037, 0.0452325, 0.160527, 0.0124316, 0.00741011, 0.147294, -0.00606943, 0.0164282, -0.0638253, 0.125704, 0.168536, -0.0992189, 0.0442773, 0.0640474, 0.223501, 0.315174, 0.0528846, -0.149102, -0.152791, 0.0547552, 0.212892, 0.188519, 0.141379, 0.0865909, 0.0449927, 0.0448308, 0, 
0, 0.0513492, 0.064936, 0.0800072, 0.0869182, 0.0311295, -0.0790987, -0.110714, -0.0551943, -0.118375, -0.0791863, 0.168687, 0.227255, 0.143397, 0.138424, 0.0394429, 0.0843239, 0.0932919, 0.0580906, 0.291059, 0.156918, 0.0559743, 0.307289, 0.174511, 0.298461, 0.263214, 0.0998994, 0.292468, 0.112458, 0.17267, 0.0780853, 0.0814863, 0.0948652, -0.0223788, 0.0912631, -0.050418, 0.0641629, -0.0496652, 0.0560771, -0.0439863, 0.063133, -0.0428557, 0.0780922, -0.0452606, 0.0966509, -0.0383514, 0.0761854, 0.0351117, 0.0197454, 0.0914187, 0.0166316, 0.179703, -0.0216891, 0.133696, 0.172081, 0.0523527, 0.18754, -0.0555395, 0.0529553, 0.200193, -0.0232545, 0.0306508, 0.0349873, 0.0219912, 0.131761, 0.154237, 0.192015, 0.0774769, 0.041239, 0.0814055, 0.0581946, 0, 
0, 0.0521389, 0.0682481, 0.0749353, 0.0654371, 0.0637811, 0.0257832, -0.139432, -0.20772, -0.00143968, 0.112373, 0.0905562, 0.126411, 0.112329, 0.0387607, -0.0259282, -0.0181615, 0.216156, 0.327121, 0.148484, 0.232481, 0.184702, 0.0250764, 0.208254, 0.11352, 0.0780328, 0.191054, 0.0455441, 0.20593, 0.0968985, 0.126332, 0.168865, 0.079016, 0.189722, 0.0594189, 0.194927, 0.0540139, 0.192016, 0.0586687, 0.193179, 0.0584266, 0.20439, 0.0556959, 0.201476, 0.0486118, 0.18278, 0.0481919, 0.130806, 0.0684271, 0.02294, 0.119696, -0.0586992, 0.0839746, -0.0377679, 0.00468334, 0.10495, -0.0772627, 0.0803127, 0.138426, 0.06266, 0.254917, 0.157776, -0.0602052, -0.0411738, 0.0389247, 0.136858, 0.110819, 0.121274, 0.104055, 0.0446266, 0.0404745, 0, 
0, 0.044792, 0.0607034, 0.0781103, 0.0828525, 0.0246258, -0.0587039, 0.0120813, 0.0464009, -0.129755, -0.112159, 0.122966, 0.125731, 0.108943, 0.168283, 0.142015, 0.117971, 0.0144477, -0.020579, 0.259373, 0.109554, 0.115317, 0.357556, 0.0778574, 0.294397, 0.26899, 0.0816843, 0.338666, 0.00411074, 0.231485, 0.0254937, 0.071215, 0.0735492, -0.0524955, 0.0982625, -0.114842, 0.10462, -0.138646, 0.111771, -0.141848, 0.116517, -0.137114, 0.115121, -0.115383, 0.0973703, -0.0707967, 0.0517296, 0.0284186, -0.0320723, 0.162772, -0.083517, 0.247107, -0.0241597, 0.169213, 0.193569, 0.00747472, 0.26486, 0.0254324, 0.0200644, 0.18014, -0.0856553, -0.040621, 0.084613, 0.126838, 0.16886, 0.119811, 0.151398, 0.0661994, 0.0202278, 0.0791365, 0.0646979, 0, 
0, 0.0551319, 0.0692748, 0.0750732, 0.0740694, 0.100583, 0.0529379, -0.151624, -0.127877, 0.0940643, 0.115293, 0.0233412, 0.051673, 0.0603162, 0.0290639, -0.0191814, 0.0684386, 0.303818, 0.282218, 0.0584104, 0.264036, 0.116314, -0.037258, 0.229681, -0.0281491, 0.118626, 0.173258, 0.00519596, 0.283122, 0.0244563, 0.248735, 0.11286, 0.170914, 0.181294, 0.111975, 0.216881, 0.0781748, 0.228757, 0.0656781, 0.232295, 0.0646852, 0.234779, 0.0770618, 0.210658, 0.101202, 0.16413, 0.144237, 0.0704688, 0.199098, -0.0444476, 0.210928, -0.0845904, 0.0858517, 0.0252134, -0.115888, 0.15087, -0.118209, 0.0379457, 0.18662, -0.00715663, 0.221381, 0.265062, 0.0365636, -0.0220675, 0.0301312, 0.0967464, 0.0602584, 0.0901962, 0.127733, 0.0588714, 0.0352854, 0, 
0, 0.0474149, 0.0629381, 0.0826538, 0.0787288, 0.01351, -0.00200006, 0.0882059, 0.0598841, -0.175232, -0.13654, 0.165346, 0.0939718, 0.050825, 0.228444, 0.156708, 0.0366662, -0.0699862, -0.0206366, 0.282334, 0.0298004, 0.221886, 0.378116, 0.0278637, 0.409117, 0.135125, 0.12573, 0.291094, -0.0877182, 0.27633, -0.119917, 0.139234, -0.0541247, -0.00107816, 0.0158303, -0.0889861, 0.0574923, -0.127651, 0.0790175, -0.133786, 0.0772036, -0.12505, 0.060314, -0.0892486, 0.00459661, -0.014264, -0.0806927, 0.104665, -0.171913, 0.220402, -0.1627, 0.21706, 0.0389464, 0.0510597, 0.324261, -0.0537298, 0.300799, 0.143224, -0.04028, 0.214161, -0.0709393, -0.114766, 0.0153466, 0.151862, 0.224174, 0.0782984, 0.136943, 0.0852451, -0.00706768, 0.0594501, 0.0711737, 0, 
0, 0.0553394, 0.0681761, 0.0741094, 0.0875661, 0.121193, 0.0479268, -0.173793, -0.0525778, 0.24536, 0.0452767, -0.0659095, 0.100706, -0.00598021, -0.0373848, 0.058909, 0.157407, 0.423468, 0.159743, -0.00478502, 0.330357, -0.101191, 0.0319668, 0.229228, -0.153428, 0.304463, 0.0369699, 0.145039, 0.289062, 0.0297958, 0.380131, 0.0275666, 0.342195, 0.0723605, 0.262769, 0.119307, 0.196481, 0.141976, 0.165367, 0.14922, 0.166049, 0.147138, 0.195305, 0.108152, 0.257199, 0.0509789, 0.319425, -0.0122502, 0.33593, -0.0305232, 0.227324, 0.0700389, -0.0379247, 0.226104, -0.230844, 0.159749, -0.0387074, -0.161107, 0.266397, -0.0518686, 0.113169, 0.399551, 0.135942, 0.0622393, -0.0385718, 0.058841, 0.0632641, 0.0349621, 0.1407, 0.0892444, 0.037059, 0, 
0, 0.053886, 0.0687836, 0.0868961, 0.0716735, 0.0122017, 0.0711665, 0.172206, -0.0436482, -0.223288, -0.0209917, 0.149366, 0.0713437, 0.102678, 0.223913, 0.0939761, -0.134405, -0.141611, 0.172074, 0.191016, 0.0545388, 0.392155, 0.206303, 0.115759, 0.376549, -0.021249, 0.209306, 0.0831169, -0.0577299, 0.177075, -0.184564, 0.157135, -0.166371, 0.0836284, -0.0957645, 0.0142936, -0.0304162, -0.0262825, 0.00657296, -0.038449, -9.60102e-05, -0.0253942, -0.0339914, 0.0105293, -0.112242, 0.0729676, -0.193862, 0.129526, -0.226664, 0.129997, -0.113188, 0.0217546, 0.142107, -0.0932709, 0.307789, 0.0445214, 0.144064, 0.327014, -0.00145542, 0.137788, 0.132037, -0.169788, -0.150034, 0.0951947, 0.220069, 0.116871, 0.102129, 0.118926, -0.00118186, 0.0316286, 0.0680034, 0, 
0, 0.0560569, 0.0641385, 0.0718757, 0.102342, 0.127859, -0.0147696, -0.158785, 0.114943, 0.291835, -0.0622382, -0.0930524, 0.102109, -0.0633601, -0.0531302, 0.217295, 0.308425, 0.337429, -0.0254655, 0.0500335, 0.218463, -0.229477, 0.178814, 0.128346, -0.1102, 0.446612, -0.0707786, 0.36083, 0.217013, 0.118344, 0.436891, -0.0444209, 0.48617, -0.0934536, 0.42515, -0.0768612, 0.341882, -0.0517872, 0.293141, -0.0395793, 0.296282, -0.0501512, 0.342364, -0.0856371, 0.422462, -0.113286, 0.468773, -0.0783356, 0.396616, 0.0725924, 0.160214, 0.305054, -0.138131, 0.385344, -0.177103, 0.0722286, 0.120376, -0.27632, 0.169017, 0.0129728, -0.0569631, 0.318425, 0.302246, 0.210373, -0.0493028, -0.00194531, 0.062677, -0.0111845, 0.122116, 0.123949, 0.0493357, 0, 
0, 0.0606684, 0.0730156, 0.0835546, 0.0534543, 0.0386841, 0.176047, 0.146577, -0.188563, -0.168484, 0.138437, 0.140092, 0.0681654, 0.152737, 0.154133, -0.097913, -0.240364, 0.0213507, 0.33087, 0.0616861, 0.212329, 0.43856, -0.0294705, 0.290809, 0.164246, -0.116291, 0.289237, -0.232297, 0.14519, -0.0814014, -0.0656814, 0.106116, -0.186232, 0.214277, -0.206896, 0.248815, -0.183289, 0.258486, -0.166925, 0.259829, -0.172314, 0.259831, -0.18977, 0.242359, -0.220503, 0.204192, -0.209629, 0.0817197, -0.0978759, -0.120628, 0.105661, -0.286643, 0.239853, -0.177119, 0.111672, 0.234289, -0.0799345, 0.390886, 0.165954, 0.0259916, 0.299043, 0.00777133, -0.254194, -0.0913727, 0.154786, 0.155205, 0.0807361, 0.161457, 0.0492443, 0.012758, 0.0560611, 0, 
0, 0.0568413, 0.0619077, 0.0770138, 0.113774, 0.0861909, -0.0655538, -0.0437154, 0.264777, 0.228759, -0.230322, -0.073973, 0.139816, -0.147905, 0.0417595, 0.469802, 0.25641, 0.0436475, -0.0806584, 0.0949058, -0.0150119, -0.150226, 0.308047, -0.0501803, 0.178721, 0.382825, -0.043666, 0.556819, -0.00769231, 0.375027, 0.183565, 0.083369, 0.333868, -0.129046, 0.380368, -0.232028, 0.370347, -0.271001, 0.356504, -0.277873, 0.356239, -0.270427, 0.365453, -0.235324, 0.372545, -0.141269, 0.315044, 0.0591515, 0.150967, 0.341028, -0.0517196, 0.514212, -0.0966075, 0.334287, 0.126537, -0.0944951, 0.262275, -0.189682, -0.0533916, 0.0618028, -0.10206, 0.026261, 0.253474, 0.45477, 0.0339877, -0.0763233, 0.0902874, -0.0419651, 0.0552481, 0.140341, 0.0709597, 0, 
0, 0.0625458, 0.0719396, 0.0727157, 0.0480575, 0.0931853, 0.24363, 0.0346535, -0.339678, 0.0754839, 0.336139, -0.0371247, 0.133149, 0.264345, -0.181311, -0.223755, -0.0287232, 0.234027, 0.359163, -0.00429649, 0.418014, 0.229885, -0.162375, 0.444914, -0.27123, 0.0780139, 0.110741, -0.345829, 0.385961, -0.405317, 0.365431, -0.185676, 0.199781, 0.077783, 0.0413808, 0.268505, -0.0519982, 0.371098, -0.0947565, 0.398307, -0.0904745, 0.369525, -0.052926, 0.260465, 0.0399325, 0.0667697, 0.183413, -0.206906, 0.338175, -0.4358, 0.350838, -0.388936, 0.0679145, 0.0339615, -0.315201, 0.406828, -0.201211, 0.196303, 0.383161, -0.0281734, 0.337195, 0.225657, -0.0366707, -0.230678, -0.14173, 0.244613, 0.0756657, 0.149728, 0.145152, 0.0270302, 0.0381006, 0, 
0, 0.0565964, 0.0620419, 0.0845661, 0.107708, 0.0063491, -0.0763264, 0.220346, 0.274988, -0.103774, -0.168287, 0.0197837, -0.0349127, 0.00397844, 0.334522, 0.412738, -0.00201788, -0.27129, 0.0605682, 0.0456109, -0.25191, 0.313816, 0.120611, 0.012728, 0.549231, -0.0377312, 0.414387, 0.219969, 0.0333341, 0.399299, -0.204762, 0.371355, -0.256087, 0.239421, -0.212195, 0.0983127, -0.151206, 0.00880596, -0.113783, -0.0236077, -0.116985, 0.00347576, -0.160923, 0.0978358, -0.225488, 0.230165, -0.271618, 0.353279, -0.225934, 0.373306, 0.00696008, 0.185156, 0.376732, -0.0748122, 0.509493, -0.0205658, 0.0836553, 0.280972, -0.284379, 0.0196839, 0.0407693, -0.285673, -0.0101238, 0.397826, 0.327199, -0.00742712, 0.0284752, 0.00469753, -0.0177519, 0.111983, 0.0924155, 0, 
0, 0.0649378, 0.0700252, 0.0628837, 0.0734204, 0.173968, 0.159205, -0.150365, -0.177781, 0.314523, 0.308422, -0.0748682, 0.159688, 0.0760248, -0.456528, -0.0356192, 0.442607, 0.255195, 0.125099, 0.252563, 0.224411, -0.120006, 0.104334, 0.0242081, -0.253204, 0.22078, -0.222752, 0.115392, 0.122314, -0.0731586, 0.417341, -0.136233, 0.517794, -0.0854469, 0.481131, 0.0132429, 0.402811, 0.0902463, 0.35186, 0.117719, 0.359751, 0.0885722, 0.405856, 0.0119287, 0.481556, -0.0903736, 0.508227, -0.154751, 0.395035, -0.0952624, 0.0894583, 0.086044, -0.263044, 0.19224, -0.288159, -0.00276706, 0.0787652, -0.147118, 0.205496, 0.233675, 0.117762, 0.24496, 0.443395, -0.0554978, -0.400789, 0.0792487, 0.097704, 0.1053, 0.210533, 0.084166, 0.0284092, 0, 
0, 0.0524393, 0.0625813, 0.0843241, 0.0627057, -0.0412296, 0.0674811, 0.391024, 0.054108, -0.373357, 0.0254254, 0.115577, -0.105993, 0.377137, 0.461275, -0.174304, -0.264359, -0.0656183, 0.0814041, -0.0738679, 0.0745861, 0.432209, -0.0420435, 0.388738, 0.324269, -0.0921131, 0.545153, -0.280302, 0.299549, -0.10244, -0.132605, 0.169343, -0.451883, 0.333794, -0.575525, 0.378068, -0.582763, 0.372042, -0.563987, 0.359811, -0.567513, 0.368557, -0.595085, 0.377456, -0.588509, 0.326339, -0.462554, 0.15421, -0.148923, -0.117402, 0.279652, -0.309026, 0.523851, -0.123999, 0.301999, 0.357675, -0.0691474, 0.40627, 0.045127, -0.0898901, 0.0603853, -0.0734482, -0.279299, -0.170736, 0.465173, 0.267685, 0.0274114, 0.09491, -0.0357231, 0.0432596, 0.092673, 0, 
0, 0.0642743, 0.0655944, 0.0675499, 0.123311, 0.173087, -0.0503709, -0.175919, 0.234038, 0.380907, 0.0305543, -0.0250671, 0.0267567, -0.300156, -0.149994, 0.532549, 0.408386, -0.0432305, 0.152542, 0.252012, -0.254709, -0.0123008, 0.131624, -0.377758, 0.275999, -0.0569272, -0.00312273, 0.466759, -0.181485, 0.648166, -0.0839143, 0.507251, 0.134263, 0.266147, 0.308579, 0.0783111, 0.407056, -0.0430863, 0.465777, -0.0871772, 0.465397, -0.0434633, 0.413199, 0.076581, 0.310443, 0.265661, 0.1255, 0.497156, -0.0963428, 0.630883, -0.20338, 0.444719, -0.0324541, -0.070998, 0.245254, -0.392962, 0.10839, -0.0326831, -0.264895, 0.234405, 0.155032, -0.0553329, 0.412224, 0.515606, -0.147249, -0.232641, 0.0433713, 0.0176882, 0.173356, 0.159202, 0.0495461, 0, 
0, 0.0516116, 0.0640292, 0.0676145, 0.0192546, 0.0277747, 0.260483, 0.25397, -0.298614, -0.273977, 0.343227, 0.1029, 0.0711115, 0.581753, -0.134097, -0.645981, 0.19673, 0.155639, -0.186485, 0.329237, 0.307555, 0.0667927, 0.327127, 0.222053, -0.0552455, 0.22117, -0.147141, -0.0707988, 0.00969994, -0.312147, 0.117703, -0.33531, 0.131541, -0.229598, 0.0855054, -0.0869284, 0.0344413, 0.0104013, 0.00318958, 0.0477928, -0.00187579, 0.0105072, 0.0294774, -0.0925665, 0.0809478, -0.234933, 0.122478, -0.348134, 0.107808, -0.320877, -0.0156264, -0.0848368, -0.165627, 0.201215, -0.0674252, 0.193979, 0.314104, 0.0430879, 0.288717, 0.320137, -0.201547, 0.153433, 0.186035, -0.636837, -0.0793027, 0.459766, 0.125256, 0.184383, 0.0740361, -0.00763965, 0.0547045, 0, 
0, 0.0588283, 0.0622173, 0.0858265, 0.143376, 0.0456654, -0.200925, 0.149953, 0.582047, -0.0621078, -0.211886, 0.19029, -0.358045, -0.179726, 0.829161, 0.282623, -0.253449, 0.271511, -0.012421, -0.226497, -0.00133949, -0.0482402, -0.0322155, 0.0413579, 0.283204, 0.0472404, 0.402942, 0.23421, 0.199111, 0.456309, -0.0771015, 0.529105, -0.218908, 0.447308, -0.227702, 0.301549, -0.18512, 0.19422, -0.1597, 0.161403, -0.161333, 0.198131, -0.18961, 0.309905, -0.232432, 0.447387, -0.223708, 0.525629, -0.0822375, 0.445987, 0.186239, 0.216006, 0.396645, 0.0286515, 0.268927, 0.0285172, -0.0527729, -0.0587898, -0.0144897, -0.235589, -0.0127635, 0.262714, -0.25412, 0.298223, 0.749823, -0.1741, -0.110911, -0.000710714, 0.0260608, 0.16099, 0.0976386, 0, 
0, 0.053938, 0.0600904, 0.0410659, 0.0423861, 0.212484, 0.206072, -0.247359, -0.152449, 0.261326, 0.153873, 0.248699, 0.381653, -0.333762, -0.530068, 0.249162, 0.222855, -0.0336653, 0.267945, 0.348395, 0.122402, 0.0795314, 0.249169, -0.197382, -0.0619167, 0.0547539, -0.475252, 0.302687, -0.444358, 0.233935, -0.0614699, -0.0126824, 0.364079, -0.213049, 0.634405, -0.312578, 0.770601, -0.352757, 0.818041, -0.358609, 0.813693, -0.351765, 0.774763, -0.324914, 0.641487, -0.219164, 0.352475, -0.0112392, -0.0719673, 0.227373, -0.46236, 0.295349, -0.488431, 0.0441098, -0.075647, -0.211389, 0.238801, 0.0616625, 0.118135, 0.339832, 0.264984, -0.0316426, 0.220883, 0.250635, -0.531023, -0.166032, 0.267877, 0.209005, 0.202458, 0.0490382, 0.0168457, 0, 
0, 0.053601, 0.0661242, 0.0909795, 0.0597011, -0.0542842, 0.06815, 0.377295, 0.235071, -0.266358, -0.22874, 0.00235082, 0.0923179, 0.579128, 0.382639, -0.389518, -0.0347779, 0.2453, -0.404091, -0.0912079, 0.31561, -0.208928, 0.290253, 0.465876, -0.104047, 0.673881, -0.0139714, 0.171215, 0.340462, -0.378333, 0.505371, -0.615205, 0.42311, -0.565143, 0.219368, -0.407418, 0.0340557, -0.268032, -0.0823085, -0.203212, -0.0875289, -0.261928, 0.0291185, -0.400824, 0.211847, -0.559409, 0.417656, -0.619968, 0.513073, -0.393665, 0.339266, 0.166433, -0.0203061, 0.666107, -0.114793, 0.45802, 0.276823, -0.212976, 0.303919, -0.0911089, -0.408404, 0.241321, -0.0305731, -0.384432, 0.393651, 0.497549, 0.107126, 0.00591977, -0.0734687, 0.0599016, 0.11037, 0, 
0, 0.0556437, 0.0543069, 0.0506592, 0.122297, 0.213764, -0.0687604, -0.376518, 0.289993, 0.630669, -0.0377829, 0.00470968, -0.0975658, -0.614543, 0.315072, 0.681918, -0.384276, 0.318451, 0.646325, -0.471499, 0.269632, 0.113041, -0.628248, 0.352461, -0.374019, -0.089341, 0.35655, -0.353113, 0.657383, -0.141073, 0.493137, 0.239978, 0.183943, 0.540298, -0.0421251, 0.669991, -0.154084, 0.715203, -0.205704, 0.71947, -0.193601, 0.707261, -0.153015, 0.669891, -0.036621, 0.528586, 0.189343, 0.241628, 0.483741, -0.137736, 0.643799, -0.349512, 0.348533, -0.0991243, -0.381644, 0.340545, -0.633673, 0.102391, 0.272705, -0.475575, 0.651521, 0.318864, -0.378202, 0.683315, 0.252113, -0.434677, -0.0799869, 0.028277, 0.212717, 0.178135, 0.043912, 0, 
0, 0.0526155, 0.0674306, 0.0578073, -0.0275951, 0.0540751, 0.45949, 0.141894, -0.55981, -0.0182812, 0.266334, 0.0691201, 0.643833, 0.236618, -0.834967, 0.257729, 0.360244, -0.834092, 0.460802, 0.364577, -0.414565, 0.952437, -0.0512569, 0.108413, 0.568709, -0.526074, 0.443489, -0.417883, -0.0887382, -0.0327291, -0.453788, 0.214072, -0.541083, 0.298838, -0.454724, 0.277186, -0.336099, 0.248857, -0.261023, 0.224008, -0.263225, 0.255434, -0.346778, 0.288798, -0.461359, 0.299545, -0.546002, 0.22123, -0.458161, -0.0401509, -0.0814188, -0.42286, 0.442281, -0.530588, 0.56239, 0.106071, -0.0559323, 0.950333, -0.415448, 0.36728, 0.462029, -0.834898, 0.375444, 0.217153, -0.71424, 0.270194, 0.395176, 0.236426, 0.0848421, -0.0337724, 0.0413488, 0, 
0, 0.0537145, 0.0601144, 0.10032, 0.128197, -0.0907315, -0.157291, 0.402531, 0.433148, -0.0648223, -0.108829, -0.339587, -0.254597, 0.766141, 0.327153, -0.534558, 0.733373, 0.207688, -0.727962, 0.576536, -0.463424, -0.366506, 0.550572, -0.573407, 0.632452, 0.113014, 0.159401, 0.682454, -0.161464, 0.745431, -0.165964, 0.488494, -0.0529761, 0.189352, 0.0564605, -0.011482, 0.102767, -0.131325, 0.13974, -0.167859, 0.132316, -0.13327, 0.11662, -0.0245835, 0.0607982, 0.187836, -0.0454193, 0.49039, -0.163547, 0.746395, -0.15532, 0.688969, 0.151137, 0.111819, 0.62695, -0.579422, 0.54663, -0.367216, -0.463275, 0.57825, -0.720243, 0.206355, 0.739599, -0.522648, 0.401035, 0.536386, -0.110204, -0.14047, -0.0399933, 0.154275, 0.121719, 0, 
0, 0.05267, 0.051714, 0.0284187, 0.0847547, 0.255121, 0.0847632, -0.346451, -0.155232, 0.445991, 0.497414, 0.212275, -0.385911, -0.344816, 0.471164, -0.125755, -0.438829, 0.816664, 0.0251446, 0.0345698, 0.815256, -0.432996, 0.257292, -0.0178136, -0.550702, 0.299082, -0.636411, 0.20358, -0.224762, -0.0230208, 0.22733, -0.136634, 0.488666, -0.153, 0.593094, -0.0967357, 0.60594, -0.0611982, 0.605739, -0.0434702, 0.609614, -0.057489, 0.603219, -0.0901752, 0.583046, -0.142309, 0.490252, -0.140908, 0.22386, -0.0176383, -0.226586, 0.204482, -0.643091, 0.299919, -0.550799, -0.0175735, 0.259547, -0.430192, 0.823974, 0.0350574, 0.0381293, 0.815415, -0.433541, -0.0902277, 0.409056, -0.30971, -0.140792, 0.187144, 0.302918, 0.108413, 0.00534981, 0, 
0, 0.0535167, 0.0725402, 0.0824273, -0.0120974, -0.0830876, 0.312212, 0.566227, -0.255761, -0.621922, 0.100504, 0.478651, 0.306197, -0.0903871, 0.0773377, 0.436952, -0.309898, -0.332518, 0.231347, -0.433678, 0.158148, 0.418834, -0.0739079, 0.710697, 0.0960238, 0.286092, 0.34247, -0.187709, 0.347332, -0.392048, 0.165296, -0.342132, -0.0443007, -0.223445, -0.197228, -0.119373, -0.271216, -0.0415798, -0.313876, -0.0279691, -0.304691, -0.0501203, -0.276302, -0.118088, -0.192064, -0.226029, -0.0379359, -0.33971, 0.171131, -0.376148, 0.354446, -0.186901, 0.346147, 0.287203, 0.0970668, 0.709723, -0.0721671, 0.416576, 0.166135, -0.433866, 0.240322, -0.324091, -0.301499, 0.452333, 0.0437642, 0.0179246, 0.297178, 0.273043, -0.0388712, -0.0436598, 0.0801815, 0, 
0, 0.049875, 0.0494251, 0.0838954, 0.184283, 0.0189022, -0.4105, 0.138146, 0.87369, 0.101083, -0.518675, -0.00901854, 0.191691, -0.0898273, -0.0797263, 0.281098, 0.448273, 0.161101, 0.15181, 0.140275, -0.359218, -0.0961532, -0.181759, -0.318158, 0.204792, -0.178576, 0.33194, 0.186535, 0.24069, 0.467625, 0.102818, 0.577563, 0.0277047, 0.551776, -0.00143032, 0.45894, 0.00823162, 0.385372, 0.0222675, 0.359418, 0.0159647, 0.391899, 0.00928104, 0.466087, 0.0034177, 0.555222, 0.0255288, 0.582771, 0.104531, 0.469932, 0.236878, 0.18281, 0.33386, -0.1785, 0.208492, -0.317267, -0.176517, -0.0915567, -0.348374, 0.145997, 0.160483, 0.167148, 0.456413, 0.270199, -0.0667862, -0.0139322, 0.137212, -0.0985026, -0.0142099, 0.196867, 0.107671, 0, 
0, 0.0516629, 0.0548532, 0.0127663, 0.0357419, 0.338213, 0.215682, -0.557593, -0.203033, 0.684611, 0.211638, -0.227504, 0.372541, 0.198254, -0.316732, -0.134934, -0.180656, 0.0489094, 0.250283, 0.255375, 0.51737, 0.146862, 0.296135, 0.0603, -0.172418, 0.0607033, -0.447689, 0.0461649, -0.395959, -0.0217449, -0.172847, -0.0933548, 0.0817534, -0.126118, 0.267185, -0.125362, 0.372411, -0.125958, 0.423432, -0.113604, 0.422076, -0.129437, 0.37723, -0.133893, 0.263987, -0.117543, 0.0796748, -0.082815, -0.16187, -0.0168035, -0.389564, 0.0528971, -0.439948, 0.0736252, -0.17299, 0.0658499, 0.29944, 0.145781, 0.531049, 0.253309, 0.262193, 0.049762, -0.16992, -0.134952, -0.258831, 0.244289, 0.176173, 0.055373, 0.250242, 0.0742778, -0.00046099, 0, 
0, 0.0536036, 0.0762913, 0.0998826, -0.0200634, -0.121238, 0.336796, 0.510376, -0.309282, -0.313163, 0.41639, -0.183407, -0.254659, 0.648949, 0.282429, 0.127263, 0.233393, -0.412471, -0.108113, -0.259326, -0.208569, 0.268695, -0.0705219, 0.541884, 0.180531, 0.387352, 0.383043, 0.0588644, 0.442214, -0.197896, 0.342551, -0.318553, 0.186825, -0.333189, 0.0453828, -0.299083, -0.0576417, -0.258507, -0.122709, -0.234284, -0.118059, -0.251286, -0.0619713, -0.288158, 0.047154, -0.327316, 0.197408, -0.320453, 0.349409, -0.199906, 0.43857, 0.0631814, 0.388509, 0.387852, 0.190224, 0.534946, -0.0576128, 0.271267, -0.202565, -0.242939, -0.110281, -0.396052, 0.2344, 0.132207, 0.338547, 0.468074, -0.14482, 0.073967, 0.0135453, 0.00259835, 0.0967253, 0, 
0, 0.0410753, 0.036178, 0.0731785, 0.196485, 0.0595447, -0.35079, 0.0372814, 0.615826, -0.074427, 0.0726049, 0.505512, -0.542515, -0.37361, 0.288195, -0.0804539, 0.531271, 0.506113, 0.046097, 0.428009, -0.309003, -0.0587634, -0.186543, -0.406637, 0.128091, -0.387221, 0.31606, -0.106389, 0.331677, 0.229697, 0.247264, 0.460433, 0.155505, 0.579179, 0.0910668, 0.618108, 0.0521354, 0.636185, 0.0308569, 0.629663, 0.0285849, 0.631015, 0.0522299, 0.618755, 0.0960955, 0.579146, 0.157538, 0.467936, 0.247923, 0.235383, 0.333412, -0.0898872, 0.321954, -0.375784, 0.130235, -0.397304, -0.183995, -0.0468755, -0.301714, 0.429644, 0.0659878, 0.493511, 0.55725, -0.0808083, 0.283925, -0.406727, -0.143834, 0.18812, 0.107446, 0.177204, 0.0854688, 0, 
0, 0.0611132, 0.061662, 0.00338276, 0.000974752, 0.345775, 0.368561, -0.459003, -0.197532, 0.284052, -0.245733, 0.502155, 0.732985, -0.336726, -0.0346377, -0.212823, -0.54304, 0.253458, -0.0272699, 0.302827, 0.553079, 0.0788303, 0.559504, -0.058762, 0.147476, -0.0462052, -0.278614, 0.0115354, -0.482893, 0.0566559, -0.464132, 0.0562491, -0.346548, 0.0487726, -0.207006, 0.0339551, -0.0918513, 0.0166766, -0.0150569, 0.0068128, -0.0226767, 0.0247596, -0.0909481, 0.0395654, -0.202816, 0.0518229, -0.345668, 0.0667237, -0.467656, 0.0625154, -0.473299, 0.0159414, -0.263583, -0.0547889, 0.16023, -0.064502, 0.571945, 0.0783695, 0.562478, 0.30286, -0.0217434, 0.260865, -0.54415, -0.176566, -0.103788, -0.116823, 0.554439, 0.208442, 0.101986, 0.0135003, -0.00363264, 0, 
0, 0.0418682, 0.0700857, 0.101838, -0.0676268, -0.254091, 0.423201, 0.641735, -0.252011, 0.0265961, -0.183758, -0.594709, 0.446718, 0.540305, 0.157447, 0.603023, -0.107749, -0.214363, -0.0283328, -0.509729, 0.081853, -0.107011, 0.104467, 0.39225, 0.120548, 0.582341, 0.162547, 0.463353, 0.198869, 0.217892, 0.224966, -0.0128377, 0.203675, -0.177284, 0.174884, -0.264795, 0.144343, -0.313384, 0.137027, -0.329631, 0.147797, -0.315755, 0.155094, -0.264104, 0.172434, -0.17174, 0.205198, -0.0146515, 0.225499, 0.218437, 0.213829, 0.468576, 0.163817, 0.595718, 0.117468, 0.411251, 0.112817, -0.0975048, 0.0976783, -0.510589, -0.0138844, -0.217941, -0.0958627, 0.588097, 0.170995, 0.566448, 0.145466, -0.18503, -0.051208, 0.0466894, 0.119283, 0, 
0, 0.0498597, 0.0376917, 0.0982194, 0.264249, -0.0932347, -0.545132, 0.317353, 0.4779, 0.144007, 0.506597, -0.271306, -0.609118, 0.0199046, -0.138147, 0.168612, 0.611936, 0.153687, 0.438054, 0.119749, -0.147897, 0.034806, -0.42875, -0.0804502, -0.294329, -0.13401, 0.0101817, -0.0910555, 0.25914, 0.0137925, 0.391898, 0.147322, 0.428063, 0.236002, 0.412397, 0.298977, 0.381137, 0.335531, 0.350438, 0.350368, 0.35531, 0.334376, 0.378022, 0.303374, 0.406462, 0.24376, 0.426959, 0.149831, 0.396561, 0.0283855, 0.267009, -0.0861836, 0.0157633, -0.136538, -0.280738, -0.0854463, -0.413009, 0.0327091, -0.138941, 0.12584, 0.436478, 0.168902, 0.601992, 0.172773, -0.084129, -0.0610243, -0.413659, 0.0235162, 0.190398, 0.199993, 0.0915422, 0, 
0, 0.057733, 0.0431548, -0.0506318, 0.0802513, 0.501491, -0.0284298, -0.520145, 0.0453789, -0.0363287, 0.316987, 0.738285, 0.0871679, -0.055646, -0.0503294, -0.459381, -0.0672297, 0.0191542, 0.0537957, 0.467684, 0.241987, 0.429353, 0.321879, 0.122802, 0.225542, -0.142658, 0.0413958, -0.251576, -0.123791, -0.237025, -0.219819, -0.15589, -0.228655, -0.0735198, -0.210031, -0.0129965, -0.175515, 0.0311611, -0.156811, 0.0503074, -0.160405, 0.0373145, -0.174858, -0.00467896, -0.204545, -0.0707842, -0.229115, -0.156275, -0.20809, -0.235013, -0.122068, -0.253913, 0.0459054, -0.142908, 0.239496, 0.128432, 0.333971, 0.438749, 0.24837, 0.475561, 0.0565511, 0.0239662, -0.0637855, -0.448372, -0.0270736, -0.0772484, 0.26659, 0.404983, 0.184353, 0.0314329, -0.00818544, 0, 
0, 0.059948, 0.104779, 0.0607771, -0.219303, -0.00300689, 0.589961, 0.13222, -0.0970789, -0.133344, -0.445518, 0.0551361, 0.398308, 0.234899, 0.434482, 0.201783, -0.11521, -0.0398265, -0.316657, -0.205664, -0.0906971, -0.115303, 0.205865, 0.126362, 0.342977, 0.323989, 0.318811, 0.38333, 0.214543, 0.32082, 0.0994378, 0.200479, 0.0174855, 0.099816, -0.0387725, 0.0178461, -0.0730528, -0.0298794, -0.086587, -0.0477043, -0.088695, -0.0366775, -0.069565, 0.00613288, -0.0348297, 0.0944631, 0.0178175, 0.213751, 0.105103, 0.33026, 0.216539, 0.387713, 0.322075, 0.330792, 0.346701, 0.137154, 0.209376, -0.107544, -0.0853058, -0.206015, -0.311363, -0.0461229, -0.107799, 0.206088, 0.397992, 0.271344, 0.301707, -0.0395036, -0.100536, 0.00216981, 0.0884468, 0, 
0, 0.0408901, 0.0694421, 0.20204, 0.116752, -0.378226, -0.148865, 0.331851, 0.269718, 0.387085, 0.0621574, -0.34357, -0.143583, -0.128572, 0.0302119, 0.345609, 0.324747, 0.347409, 0.325125, 0.0502756, 0.0498395, -0.165954, -0.201674, -0.181553, -0.244283, -0.0675628, -0.107133, 0.0806594, 0.0880158, 0.198288, 0.247661, 0.265185, 0.335799, 0.301293, 0.38195, 0.31083, 0.393248, 0.306356, 0.39563, 0.306872, 0.396086, 0.318081, 0.389864, 0.324655, 0.37722, 0.31172, 0.341613, 0.270746, 0.25003, 0.190994, 0.0952528, 0.0689935, -0.0930358, -0.075587, -0.226359, -0.185074, -0.185443, -0.160589, 0.0551782, 0.06381, 0.315694, 0.364459, 0.308342, 0.36278, 0.0120787, -0.0581644, -0.168501, -0.0943121, 0.128068, 0.196873, 0.119988, 0, 
0, 0.0593778, 0.0251542, 0.0646112, 0.344865, 0.230581, -0.325736, -0.288429, -0.134581, 0.135151, 0.489635, 0.326934, 0.101352, -0.00607886, -0.270164, -0.228046, -0.108737, -0.0230318, 0.212586, 0.287553, 0.343404, 0.362728, 0.247317, 0.195274, 0.0613102, -0.0374116, -0.10062, -0.193067, -0.179748, -0.243231, -0.182077, -0.216835, -0.144342, -0.160952, -0.0908351, -0.0961005, -0.0510659, -0.0530231, -0.0315951, -0.0444714, -0.0258525, -0.0673673, -0.0431672, -0.108416, -0.0836092, -0.161704, -0.137318, -0.2138, -0.182012, -0.238837, -0.17925, -0.185698, -0.102505, -0.0238186, 0.0562114, 0.209385, 0.24753, 0.371217, 0.349083, 0.286328, 0.224188, -0.0283816, -0.094128, -0.22783, -0.222829, 0.00356383, 0.135753, 0.303233, 0.225691, 0.0676551, -0.00413806, 0, 
0, 0.0714968, 0.0694921, -0.038361, 0.00950195, 0.410859, 0.360244, -0.0162173, -0.246524, -0.416231, -0.166614, 0.171555, 0.326597, 0.401523, 0.349699, 0.0770448, -0.0228258, -0.21592, -0.238045, -0.179016, -0.109201, 0.059313, 0.154835, 0.276724, 0.331744, 0.358301, 0.351917, 0.311032, 0.266291, 0.204309, 0.139002, 0.0919858, 0.0230888, 6.10206e-05, -0.0631857, -0.058868, -0.109212, -0.0872435, -0.131754, -0.0904057, -0.135881, -0.0759171, -0.115543, -0.0422259, -0.0605468, 0.00989363, 0.0268873, 0.0886353, 0.145099, 0.196907, 0.274943, 0.303371, 0.365703, 0.34763, 0.346319, 0.271847, 0.16369, 0.0653959, -0.114271, -0.162556, -0.253332, -0.190544, -0.0392509, 0.10567, 0.334324, 0.37265, 0.283592, 0.0916561, -0.0720142, -0.0480946, 0.0347499, 0, 
0, 0.0589234, 0.118847, 0.121112, -0.0959704, -0.0793796, 0.28905, 0.405765, 0.319023, 0.0170445, -0.308861, -0.336747, -0.225842, -0.0241757, 0.236851, 0.371943, 0.381132, 0.335563, 0.152375, 0.015536, -0.123707, -0.223287, -0.216049, -0.230897, -0.12702, -0.0731474, 0.039885, 0.118605, 0.19071, 0.263133, 0.289196, 0.334868, 0.334704, 0.357578, 0.342673, 0.352991, 0.337141, 0.34417, 0.332307, 0.337365, 0.336195, 0.336396, 0.348182, 0.343639, 0.35555, 0.353253, 0.33944, 0.335516, 0.290164, 0.267615, 0.192828, 0.12798, 0.0380845, -0.0643146, -0.132643, -0.222983, -0.220298, -0.218551, -0.120858, 0.01608, 0.160286, 0.332933, 0.3933, 0.36765, 0.233515, -0.0195615, -0.166817, -0.19287, -0.0306686, 0.131323, 0.134047, 0, 
0, 0.0385023, 0.0663077, 0.197893, 0.210517, -0.0698448, -0.156769, 0.0270257, 0.262967, 0.41638, 0.301642, 0.0468424, -0.152159, -0.312448, -0.287432, -0.158581, 0.0306074, 0.204825, 0.347221, 0.369677, 0.366774, 0.267717, 0.159974, 0.0489064, -0.0776976, -0.129668, -0.21093, -0.202021, -0.228041, -0.184378, -0.169469, -0.119773, -0.0895821, -0.0452799, -0.0179575, 0.014681, 0.0311924, 0.0538048, 0.055503, 0.070362, 0.0554635, 0.0624487, 0.0315493, 0.0221892, -0.0153565, -0.0427385, -0.0836791, -0.121989, -0.161394, -0.186307, -0.215292, -0.202565, -0.200907, -0.130658, -0.0738618, 0.047341, 0.155302, 0.273051, 0.360156, 0.383507, 0.339534, 0.221336, 0.0254793, -0.138774, -0.274244, -0.244489, -0.0827534, 0.121769, 0.232484, 0.17811, 0.0715213, 0, 
0, 0.0458961, 0.0108684, 0.0477435, 0.262505, 0.328285, 0.0938551, -0.122058, -0.172489, -0.0067338, 0.224257, 0.333033, 0.318468, 0.183271, -0.0167878, -0.173934, -0.257334, -0.250832, -0.155279, -0.0230285, 0.120712, 0.247974, 0.324495, 0.368781, 0.355944, 0.319971, 0.25629, 0.186216, 0.112448, 0.0452138, -0.0135799, -0.0590661, -0.0996907, -0.124507, -0.148878, -0.15937, -0.170547, -0.175836, -0.175415, -0.180738, -0.172796, -0.176435, -0.162973, -0.163806, -0.142994, -0.129264, -0.095495, -0.0603868, -0.00818656, 0.0511054, 0.119923, 0.194618, 0.261474, 0.326991, 0.355948, 0.371629, 0.321725, 0.251513, 0.117993, -0.0186972, -0.157307, -0.246266, -0.257287, -0.165284, -0.00559605, 0.187934, 0.28573, 0.25532, 0.122465, 0.0232779, 0.0123338, 0, 
0, 0.0775693, 0.0554625, -0.0294178, -8.97018e-05, 0.257426, 0.418716, 0.323395, 0.0725565, -0.147461, -0.184492, -0.0737365, 0.0943545, 0.24968, 0.306738, 0.264785, 0.15137, 0.00310106, -0.125075, -0.210199, -0.235163, -0.208751, -0.134887, -0.0426704, 0.0589684, 0.150721, 0.221305, 0.281421, 0.308385, 0.332443, 0.326451, 0.325782, 0.305144, 0.291528, 0.26675, 0.254605, 0.230445, 0.229393, 0.21024, 0.221098, 0.211192, 0.229927, 0.234711, 0.253354, 0.271299, 0.291239, 0.310918, 0.329655, 0.334293, 0.340167, 0.316286, 0.290254, 0.225218, 0.155982, 0.0568335, -0.0369211, -0.133868, -0.200798, -0.230012, -0.204331, -0.11635, 0.00862148, 0.160004, 0.265533, 0.301918, 0.227154, 0.0855549, -0.0306994, -0.0386541, 0.044895, 0.0845351, 0, 
0, 0.0519105, 0.0839709, 0.0541955, -0.0888327, -0.10039, 0.126573, 0.375068, 0.455545, 0.31871, 0.0845185, -0.108361, -0.190095, -0.152238, -0.0158056, 0.125519, 0.254312, 0.300881, 0.293742, 0.218355, 0.119029, 0.0107359, -0.0844946, -0.14472, -0.184607, -0.182002, -0.168326, -0.127204, -0.0826224, -0.0266606, 0.0204002, 0.075341, 0.110976, 0.156076, 0.177286, 0.20793, 0.220735, 0.23293, 0.242229, 0.241011, 0.239991, 0.232187, 0.220305, 0.203401, 0.181471, 0.15063, 0.121646, 0.0710119, 0.0332737, -0.0269142, -0.070334, -0.121572, -0.159965, -0.177062, -0.181882, -0.1363, -0.0851073, 0.0237048, 0.114601, 0.231974, 0.28733, 0.313936, 0.248539, 0.134165, -0.0115389, -0.115638, -0.11154, 0.00144881, 0.143787, 0.196765, 0.128789, 0, 
0, 0.0568414, 0.0902861, 0.159056, 0.118865, -0.0625124, -0.156423, -0.0371836, 0.204674, 0.404603, 0.437961, 0.334637, 0.134616, -0.0479644, -0.186811, -0.203969, -0.169133, -0.0428529, 0.0641578, 0.187465, 0.247834, 0.282841, 0.26461, 0.220237, 0.15409, 0.0819444, 0.00888303, -0.0524715, -0.108452, -0.142637, -0.174207, -0.183861, -0.195835, -0.189131, -0.191239, -0.177586, -0.178293, -0.166757, -0.16937, -0.164561, -0.169177, -0.17327, -0.175138, -0.184167, -0.186203, -0.18654, -0.190433, -0.171294, -0.17392, -0.127003, -0.110499, -0.0369269, 0.00873438, 0.0954781, 0.158647, 0.231105, 0.274713, 0.291104, 0.266886, 0.193658, 0.0878843, -0.0388771, -0.145895, -0.195065, -0.148484, -0.0106828, 0.16499, 0.277244, 0.259992, 0.150782, 0.0552633, 0, 
0, 0.0233311, 0.0180498, 0.0778212, 0.185755, 0.176179, 0.0122738, -0.149212, -0.158229, -0.0165926, 0.1944, 0.356352, 0.424396, 0.370553, 0.244281, 0.0721161, -0.0616617, -0.167888, -0.180866, -0.162281, -0.0749022, 0.0136908, 0.116561, 0.198931, 0.259356, 0.298817, 0.308948, 0.304668, 0.27884, 0.248728, 0.207649, 0.171365, 0.131025, 0.0997846, 0.0696686, 0.0476917, 0.0310969, 0.0170363, 0.012918, 0.00819791, 0.0108574, 0.0182406, 0.0287824, 0.0476276, 0.0701953, 0.0957557, 0.139129, 0.163318, 0.218974, 0.239651, 0.289298, 0.303985, 0.320787, 0.309554, 0.270116, 0.214048, 0.121782, 0.0313157, -0.0706424, -0.142251, -0.17755, -0.149645, -0.0568578, 0.0922527, 0.255121, 0.368968, 0.371689, 0.260642, 0.111307, 0.0264801, 0.0174305, 0, 
0, 0.063026, 0.035486, 0.0152879, 0.0838263, 0.217306, 0.26072, 0.155496, -0.0241625, -0.136997, -0.149361, -0.0307213, 0.111593, 0.277407, 0.34538, 0.375007, 0.284424, 0.1934, 0.0354884, -0.0604743, -0.170415, -0.196278, -0.215167, -0.173397, -0.125274, -0.0536029, 0.0184476, 0.085308, 0.148399, 0.1929, 0.231372, 0.25599, 0.269833, 0.282596, 0.280978, 0.286216, 0.282968, 0.28009, 0.282925, 0.276361, 0.285638, 0.27664, 0.291107, 0.282999, 0.289673, 0.283553, 0.272993, 0.264906, 0.225126, 0.205509, 0.138963, 0.101708, 0.0166241, -0.0365231, -0.119378, -0.160017, -0.201032, -0.18464, -0.146241, -0.0488338, 0.064257, 0.202905, 0.314761, 0.380301, 0.362482, 0.258992, 0.11065, -0.00572283, -0.0271899, 0.0262911, 0.0569196, 0, 
0, 0.0467492, 0.0375656, -0.0037978, -0.0411028, 0.0199083, 0.163452, 0.264954, 0.256833, 0.134729, -0.000165557, -0.106522, -0.120727, -0.0669234, 0.0552812, 0.175744, 0.294102, 0.341511, 0.361816, 0.302236, 0.23789, 0.128424, 0.0435604, -0.0482851, -0.106736, -0.148651, -0.168605, -0.161871, -0.151914, -0.116922, -0.0928652, -0.0517105, -0.024905, 0.00927824, 0.0321118, 0.0552671, 0.0700297, 0.0841795, 0.0877172, 0.0950028, 0.0871391, 0.087071, 0.0688314, 0.05975, 0.0317515, 0.00754213, -0.0214664, -0.0589106, -0.0856337, -0.125192, -0.141941, -0.161731, -0.157782, -0.140512, -0.0992559, -0.0363568, 0.0504605, 0.142727, 0.247305, 0.31879, 0.372481, 0.360372, 0.307841, 0.196656, 0.0725039, -0.0289402, -0.0591782, -0.00655134, 0.0834191, 0.13303, 0.100164, 0, 
0, 0.0589414, 0.0687708, 0.0626167, 0.00343649, -0.0584438, -0.0356314, 0.0798998, 0.20126, 0.275136, 0.235645, 0.161994, 0.0237443, -0.0519157, -0.12592, -0.0920509, -0.0585259, 0.0565472, 0.126553, 0.232971, 0.263099, 0.305676, 0.277767, 0.256381, 0.195409, 0.138008, 0.0758048, 0.0123634, -0.0303041, -0.080735, -0.102888, -0.133106, -0.1431, -0.15553, -0.159237, -0.16461, -0.160168, -0.169244, -0.15772, -0.170921, -0.155846, -0.171181, -0.155846, -0.16589, -0.155431, -0.156393, -0.142933, -0.127376, -0.106182, -0.0693446, -0.0338807, 0.0283731, 0.077098, 0.155089, 0.201484, 0.271353, 0.289407, 0.317703, 0.280516, 0.243338, 0.14804, 0.0649881, -0.0305477, -0.0820756, -0.0847199, -0.0252435, 0.0712498, 0.153837, 0.176411, 0.135915, 0.0720463, 0, 
0, 0.0385203, 0.0478854, 0.0736258, 0.0741601, 0.0158003, -0.0585296, -0.0798968, -0.0144587, 0.0869931, 0.19658, 0.245617, 0.250039, 0.187283, 0.10816, 0.0123113, -0.0485866, -0.0882624, -0.0756787, -0.0446263, 0.0213548, 0.0843028, 0.15425, 0.206816, 0.24652, 0.2704, 0.271621, 0.270342, 0.244919, 0.229042, 0.194381, 0.17248, 0.140162, 0.11898, 0.0948662, 0.077691, 0.062634, 0.0547075, 0.0447267, 0.0477874, 0.0439002, 0.0560481, 0.058141, 0.0811134, 0.0893166, 0.119267, 0.138353, 0.173579, 0.19795, 0.229684, 0.251693, 0.272868, 0.281998, 0.277978, 0.259146, 0.215857, 0.167862, 0.0920326, 0.0365891, -0.0349152, -0.0605335, -0.0752841, -0.0334348, 0.0328518, 0.123715, 0.200527, 0.230295, 0.199697, 0.130799, 0.0710008, 0.0394796, 0, 
0, 0.0418371, 0.0359474, 0.049581, 0.0835219, 0.096227, 0.0560108, -0.0129691, -0.0670162, -0.0587159, -0.016721, 0.081024, 0.146582, 0.224237, 0.225377, 0.223075, 0.153811, 0.101998, 0.0191473, -0.024557, -0.0709605, -0.0751763, -0.0737902, -0.0451752, -0.0113548, 0.0286188, 0.0725724, 0.106411, 0.145573, 0.16577, 0.193888, 0.201768, 0.21786, 0.219221, 0.2275, 0.223962, 0.230386, 0.224154, 0.23035, 0.22262, 0.23117, 0.221577, 0.2306, 0.22265, 0.228396, 0.217447, 0.220135, 0.20429, 0.196233, 0.170523, 0.14587, 0.114463, 0.0759455, 0.0442265, -0.00410388, -0.0275538, -0.0650414, -0.0607211, -0.0591351, -0.0121506, 0.0354622, 0.108884, 0.173728, 0.224998, 0.239831, 0.209212, 0.14443, 0.0745968, 0.0361425, 0.0362952, 0.0403944, 0, 
0, 0.0496662, 0.0369056, 0.025174, 0.0367455, 0.0717698, 0.0980703, 0.0879487, 0.0456575, -0.00732577, -0.0379141, -0.0408703, -0.00762592, 0.0453396, 0.107857, 0.161337, 0.194698, 0.205782, 0.190189, 0.159699, 0.113727, 0.0711733, 0.0238939, -0.00766473, -0.0374338, -0.0489367, -0.0574946, -0.0528556, -0.0447375, -0.031371, -0.0145697, 6.47396e-05, 0.0182665, 0.031558, 0.0485837, 0.056389, 0.0696475, 0.0731734, 0.078232, 0.0778201, 0.0768474, 0.0722893, 0.0631931, 0.0597379, 0.0424712, 0.0353175, 0.015176, 0.00618678, -0.014065, -0.0261825, -0.0423685, -0.0485119, -0.0486622, -0.0411939, -0.0233958, -0.00107401, 0.0387087, 0.0751039, 0.128506, 0.166957, 0.204667, 0.213939, 0.206701, 0.170431, 0.116243, 0.0587973, 0.0192568, 0.0150911, 0.0402842, 0.0665278, 0.0610296, 0, 
0, 0.0601594, 0.0539268, 0.0368257, 0.0203867, 0.0232373, 0.0481227, 0.0776153, 0.089536, 0.0820511, 0.0522584, 0.0282003, -0.00184051, -0.000609664, 0.00154219, 0.0354538, 0.0623088, 0.10586, 0.131824, 0.158197, 0.164632, 0.166902, 0.153322, 0.135547, 0.111838, 0.0864515, 0.0625405, 0.0372071, 0.020214, 0.00119198, -0.00780854, -0.0217621, -0.0234058, -0.0322146, -0.0279097, -0.0335029, -0.0286812, -0.0305485, -0.0296176, -0.0306379, -0.0294991, -0.0324609, -0.0321742, -0.0318904, -0.0307173, -0.0312659, -0.0253083, -0.0198257, -0.00653765, 0.00332243, 0.022117, 0.0421277, 0.0695966, 0.098133, 0.122736, 0.147975, 0.16391, 0.174971, 0.174749, 0.16624, 0.143276, 0.110182, 0.0738322, 0.0386245, 0.0170281, 0.0132635, 0.0311953, 0.0608019, 0.0841156, 0.0866726, 0.0640422, 0, 
0, 0.0655592, 0.0691787, 0.0641741, 0.0484938, 0.0307144, 0.0236155, 0.0328326, 0.0498599, 0.0675701, 0.0764612, 0.0765396, 0.0658526, 0.0545166, 0.0379903, 0.031005, 0.0250523, 0.0331723, 0.0421772, 0.0606244, 0.075942, 0.0975675, 0.110257, 0.123144, 0.129748, 0.132285, 0.132612, 0.123446, 0.121469, 0.108042, 0.104184, 0.087727, 0.0860641, 0.0703871, 0.0731591, 0.0606877, 0.0644584, 0.0565213, 0.0588326, 0.0539529, 0.0584301, 0.0549777, 0.0583007, 0.0632123, 0.0679503, 0.0722751, 0.0810629, 0.0901697, 0.104333, 0.109843, 0.122859, 0.127876, 0.140578, 0.141517, 0.143609, 0.131222, 0.123982, 0.100343, 0.086913, 0.0652884, 0.0514582, 0.0355206, 0.030801, 0.0326678, 0.0451712, 0.0613164, 0.0772595, 0.086474, 0.0848077, 0.0746335, 0.0564611, 0, 
0, 0.0648444, 0.0735523, 0.0784611, 0.0760339, 0.0653552, 0.0511645, 0.0407883, 0.0370852, 0.0421984, 0.0521828, 0.0632177, 0.0714921, 0.0774423, 0.0745486, 0.0699734, 0.0606466, 0.0540152, 0.0479363, 0.0445766, 0.0455401, 0.0508425, 0.0581475, 0.0640063, 0.0757172, 0.0821943, 0.0922981, 0.0936047, 0.103019, 0.102884, 0.107578, 0.102294, 0.107982, 0.100654, 0.109274, 0.104406, 0.109607, 0.106179, 0.107123, 0.103648, 0.105723, 0.100209, 0.100062, 0.102271, 0.103272, 0.100764, 0.103669, 0.104519, 0.110247, 0.103593, 0.105903, 0.098769, 0.100594, 0.0925473, 0.0890616, 0.0745167, 0.0711404, 0.0564272, 0.0558704, 0.0515837, 0.0554148, 0.0552732, 0.061003, 0.0659153, 0.0727591, 0.0748288, 0.0752144, 0.0745829, 0.0725526, 0.0696877, 0.0596447, 0, 
0, 0.0625953, 0.0727107, 0.0792025, 0.0817479, 0.0793915, 0.0727479, 0.0636682, 0.0545576, 0.0502498, 0.0529775, 0.0573883, 0.0662764, 0.0719227, 0.0744458, 0.0722497, 0.0682329, 0.0637424, 0.0601509, 0.0552329, 0.0549739, 0.0555988, 0.0587984, 0.0566137, 0.0649361, 0.0649015, 0.0713287, 0.0688779, 0.077685, 0.0752203, 0.0786031, 0.0719484, 0.0814775, 0.077084, 0.09259, 0.0917318, 0.098823, 0.0934024, 0.0933144, 0.0853456, 0.0868565, 0.0767919, 0.0766127, 0.0780027, 0.080015, 0.075054, 0.0793706, 0.0799887, 0.0861284, 0.0788055, 0.0833045, 0.0762292, 0.0812626, 0.0744804, 0.0794185, 0.0700687, 0.0775433, 0.069366, 0.0737462, 0.0699523, 0.0715942, 0.0652838, 0.0627744, 0.0596088, 0.0607525, 0.0622405, 0.0683797, 0.077546, 0.0819151, 0.0813784, 0.0717828, 0, 
0, 0.0614806, 0.0736536, 0.0803621, 0.0819942, 0.0759039, 0.068648, 0.0614443, 0.0567523, 0.0565961, 0.065861, 0.0701495, 0.0794314, 0.0779808, 0.0772416, 0.0667241, 0.059694, 0.0494041, 0.0473856, 0.0438675, 0.0509386, 0.0536082, 0.0626756, 0.0584803, 0.0714826, 0.068989, 0.0749844, 0.0739019, 0.0779489, 0.0655772, 0.058227, 0.0499245, 0.0671729, 0.0740978, 0.0952528, 0.0987823, 0.101108, 0.090013, 0.0806614, 0.0667627, 0.0657464, 0.0546299, 0.0582549, 0.0635471, 0.0707717, 0.0663188, 0.0761159, 0.079502, 0.0883152, 0.0833151, 0.088757, 0.0755148, 0.075273, 0.0685909, 0.0813978, 0.0780673, 0.092966, 0.0863978, 0.0865378, 0.0753721, 0.0684973, 0.0531741, 0.0457845, 0.0346395, 0.0380713, 0.055213, 0.0841017, 0.108952, 0.1048, 0.0954328, 0.087053, 0, 
0, 0.06174, 0.0788416, 0.0924719, 0.103457, 0.0689994, 0.0382103, 0.0396776, 0.0681428, 0.0884789, 0.0831146, 0.0346024, 0.0336914, 0.0214665, 0.0327125, 0.0483587, 0.0681943, 0.0596634, 0.0405317, 0.0252417, 0.0348731, 0.0401663, 0.0521252, 0.0425595, 0.0567075, 0.0569285, 0.0834339, 0.0871021, 0.0619432, 0.0272736, 0.0410492, 0.0673648, 0.0883653, 0.0595782, 0.0625806, 0.0581062, 0.0639983, 0.0758344, 0.0885519, 0.0851962, 0.0777488, 0.0659337, 0.0777006, 0.0908481, 0.100924, 0.0912676, 0.102386, 0.105027, 0.125998, 0.123887, 0.106736, 0.0756687, 0.0837741, 0.0971878, 0.110553, 0.0695546, 0.0707245, 0.0541976, 0.0565197, 0.0634933, 0.0723951, 0.0636803, 0.0575813, 0.0606855, 0.0753545, 0.0876895, 0.10063, 0.11369, 0.127537, 0.141566, 0.132286, 0, 
0, 0.0598539, 0.129805, 0.148476, 0.130115, -0.00765022, -0.000548313, 0.0556567, 0.098504, 0.124905, 0.151441, 0.152231, 0.15893, 0.152208, 0.155984, 0.142739, 0.13714, 0.123968, 0.124517, 0.114372, 0.1267, 0.128334, 0.128235, 0.107831, 0.120506, 0.128872, 0.143423, 0.144012, 0.157022, 0.164056, 0.171599, 0.162947, 0.169716, 0.16245, 0.169784, 0.177516, 0.17802, 0.175066, 0.17002, 0.161631, 0.162898, 0.148831, 0.149953, 0.155028, 0.154672, 0.126085, 0.14124, 0.147505, 0.1552, 0.14569, 0.155976, 0.156662, 0.16858, 0.160677, 0.164245, 0.152784, 0.153401, 0.149345, 0.156681, 0.156331, 0.160258, 0.153273, 0.150257, 0.151667, 0.159366, 0.168948, 0.178771, 0.206704, 0.259242, 0.350148, 0.581886, 0, 
0, 0, 0, 0, 0, 0, 0, 0, 0, 0, 0, 0, 0, 0, 0, 0, 0, 0, 0, 0, 0, 0, 0, 0, 0, 0, 0, 0, 0, 0, 0, 0, 0, 0, 0, 0, 0, 0, 0, 0, 0, 0, 0, 0, 0, 0, 0, 0, 0, 0, 0, 0, 0, 0, 0, 0, 0, 0, 0, 0, 0, 0, 0, 0, 0, 0, 0, 0, 0, 0, 0, 0, 
